	Divergent	Co-directional	Mean_Divergent	Mean_Co-directional	H-statistic	P-value	Decision
0	SBS1	SBS1	0.5601092896174863	1.8	122.44615415404786	1.8435112154739644e-28	Rank medians are different
1	SBS2	SBS2	1.784153005464481	5.51	63.52014164925097	1.5873546523585574e-15	Rank medians are different
2	SBS5	SBS5	1.546448087431694	4.71	90.12989568609652	2.2302614591104586e-21	Rank medians are different
3	SBS10b	SBS10b	1.8797814207650274	2.7425	0.7443385788624746	0.38827461126781515	Rank medians are similar
4	SBS13	SBS13	1.5683060109289617	5.1125	63.31971303796869	1.7573676997971533e-15	Rank medians are different
