	TTS	Remain	Mean_TTS	Mean_Remain	H-statistic	P-value	Decision
0	SBS1	SBS1	0.539119804400978	11.446700507614214	1158.6632264966806	5.875767536154876e-254	Rank medians are different
1	SBS2	SBS2	0.6161369193154034	15.964467005076141	187.46921934943416	1.1343963574440193e-42	Rank medians are different
2	SBS5	SBS5	1.5036674816625917	26.92994923857868	843.6048551576048	1.786037133931235e-185	Rank medians are different
3	SBS10a	SBS10a	0.2200488997555012	2.0690355329949237	3.613621082747339	0.05730821128923381	Rank medians are similar
4	SBS10b	SBS10b	0.4254278728606357	7.0761421319796955	25.214592113264555	5.129264020819664e-07	Rank medians are different
5	SBS13	SBS13	0.6454767726161369	16.016243654822336	100.02286674041979	1.506476767041144e-23	Rank medians are different
