	Convergent	Co-directional	Mean_Convergent	Mean_Co-directional	H-statistic	P-value	Decision
0	SBS1	SBS1	0.5683709869203329	0.7436182019977803	11.174682745152209	0.0008292107347116243	Rank medians are different
1	SBS2	SBS2	0.6896551724137931	1.0277469478357382	10.147799015226495	0.001444736325634727	Rank medians are different
2	SBS5	SBS5	1.7288941736028538	2.5338512763596004	11.825114737766473	0.0005843711332135422	Rank medians are different
3	SBS10b	SBS10b	0.4708680142687277	0.6958934517203108	3.826174895742158	0.050457960848822335	Rank medians are similar
4	SBS13	SBS13	0.8608799048751486	1.0621531631520533	0.0012441846237130428	0.9718620517369656	Rank medians are similar
5	SBS15	SBS15	0.4875148632580262	0.5982241953385128	1.3820664100139866	0.23974947594958418	Rank medians are similar
