	TTS	Remain	Mean_TTS	Mean_Remain	H-statistic	P-value	Decision
0	SBS1	SBS1	2.6707317073170733	19.309002433090026	524.652942191422	4.113782099985922e-116	Rank medians are different
1	SBS2	SBS2	10.409756097560976	68.81995133819952	242.9626195321422	8.886656219604126e-55	Rank medians are different
2	SBS5	SBS5	9.114634146341464	59.579075425790755	406.85982621444145	1.768756263892727e-90	Rank medians are different
3	SBS10a	SBS10a	0.3804878048780488	2.9902676399026764	2.998759731582821	0.08332828468851665	Rank medians are similar
4	SBS10b	SBS10b	2.3804878048780487	12.793187347931873	4.282404674620907	0.03850883124575522	Rank medians are different
5	SBS13	SBS13	10.27560975609756	70.14841849148418	219.11494950472843	1.4107088868243793e-49	Rank medians are different
