	TSS	Remain	Mean_TSS	Mean_Remain	H-statistic	P-value	Decision
0	SBS1	SBS1	1.8712871287128714	19.309002433090026	546.9394392330847	5.831627780065393e-121	Rank medians are different
1	SBS2	SBS2	5.633663366336633	68.81995133819952	332.8681873168069	2.2808692607077715e-74	Rank medians are different
2	SBS5	SBS5	4.376237623762377	59.579075425790755	484.66103960883595	2.0678639209802182e-107	Rank medians are different
3	SBS10a	SBS10a	0.25495049504950495	2.9902676399026764	3.883491629957874	0.04876304605640503	Rank medians are different
4	SBS10b	SBS10b	5.537128712871287	12.793187347931873	27.43959282481985	1.6207873644921334e-07	Rank medians are different
5	SBS13	SBS13	4.99009900990099	70.14841849148418	312.2311875644482	7.131502332431321e-70	Rank medians are different
