	TSS-Only	TTS-Only	Mean_TSS-Only	Mean_TTS-Only	H-statistic	P-value	Decision
0	SBS1	SBS1	1.673890608875129	2.5071283095723014	43.564896514731856	4.101302964859917e-11	Rank medians are different
1	SBS2	SBS2	1.7306501547987616	3.1232179226069245	10.552642870945846	0.0011602207433986929	Rank medians are different
2	SBS5	SBS5	4.784313725490196	6.473523421588594	15.3370225802032	8.993658057007487e-05	Rank medians are different
3	SBS10b	SBS10b	1.4840041279669762	1.3472505091649694	5.420069507668871	0.01990656745137685	Rank medians are different
4	SBS13	SBS13	1.78328173374613	3.163951120162933	3.228541705664222	0.07236510200121614	Rank medians are similar
5	SBS15	SBS15	1.0505675954592364	1.3370672097759675	0.006702723239199229	0.93474996294483	Rank medians are similar
