	TSS-DRIP	TSS-Only	Mean_TSS-DRIP	Mean_TSS-Only	H-statistic	P-value	Decision
0	SBS1	SBS1	0.5164051355206848	1.673890608875129	189.61935701918722	3.849617761161991e-43	Rank medians are different
1	SBS2	SBS2	0.5420827389443652	1.7306501547987616	7.976378429165544	0.004739165572358077	Rank medians are different
2	SBS5	SBS5	1.2339514978601998	4.784313725490196	196.31622463850644	1.3296909097377617e-44	Rank medians are different
3	SBS10b	SBS10b	0.5492154065620543	1.4840041279669762	6.741229630706326	0.00942096676057623	Rank medians are different
4	SBS13	SBS13	0.6019971469329529	1.78328173374613	8.721738797943003	0.003144380102605611	Rank medians are different
