	Convergent	Co-directional	Mean_Convergent	Mean_Co-directional	H-statistic	P-value	Decision
0	SBS1	SBS1	0.8607594936708861	1.8	66.41880091134922	3.646078573810707e-16	Rank medians are different
1	SBS2	SBS2	3.610126582278481	5.51	7.676010577209943	0.005595974526545475	Rank medians are different
2	SBS5	SBS5	2.69873417721519	4.71	26.103522056651016	3.235932088108456e-07	Rank medians are different
3	SBS10a	SBS10a	0.13924050632911392	0.2425	0.282929635724701	0.5947874274980709	Rank medians are similar
4	SBS10b	SBS10b	1.478481012658228	2.7425	13.13290418887668	0.00029015466184381054	Rank medians are different
5	SBS13	SBS13	3.526582278481013	5.1125	5.6835643331971	0.017124545054668004	Rank medians are different
