	TSS	TTS	Mean_TSS	Mean_TTS	H-statistic	P-value	Decision
0	SBS1	SBS1	0.7634408602150538	0.9371859296482412	1.9843179036471335	0.15893626269120345	Rank medians are similar
1	SBS2	SBS2	1.1801075268817205	2.4120603015075375	30.69617286215226	3.017596473880366e-08	Rank medians are different
2	SBS5	SBS5	1.5510752688172043	2.620603015075377	15.468664502862792	8.388444821053111e-05	Rank medians are different
3	SBS10b	SBS10b	0.8521505376344086	0.8919597989949749	1.382356415177837	0.23970017160766854	Rank medians are similar
4	SBS13	SBS13	1.2661290322580645	2.628140703517588	25.81989510607462	3.74805127140717e-07	Rank medians are different
