	Divergent	Co-directional	Mean_Divergent	Mean_Co-directional	H-statistic	P-value	Decision
0	SBS1	SBS1	0.3960720130932897	0.7436182019977803	25.198434994623124	5.172415332112476e-07	Rank medians are different
1	SBS2	SBS2	0.4779050736497545	1.0277469478357382	6.867085796559127	0.008779770968859797	Rank medians are different
2	SBS5	SBS5	1.2242225859247136	2.5338512763596004	21.360704709170772	3.804902807908672e-06	Rank medians are different
3	SBS10b	SBS10b	0.49427168576104746	0.6958934517203108	1.6517270150247891	0.1987240380317416	Rank medians are similar
4	SBS13	SBS13	0.4779050736497545	1.0621531631520533	4.087491632257655	0.04320171089055145	Rank medians are different
