	TSS	Remain	Mean_TSS	Mean_Remain	H-statistic	P-value	Decision
0	SBS1	SBS1	1.714987714987715	17.10948905109489	550.2553678267708	1.1077385492941027e-121	Rank medians are different
1	SBS2	SBS2	6.486486486486487	63.666666666666664	308.5032831110308	4.626759199581164e-69	Rank medians are different
2	SBS5	SBS5	4.830466830466831	53.51094890510949	456.3017466731866	3.066917213781048e-101	Rank medians are different
3	SBS10a	SBS10a	0.29238329238329236	2.6934306569343067	2.0173399969572263	0.15551135587600107	Rank medians are similar
4	SBS10b	SBS10b	6.017199017199017	11.245742092457421	31.51565571975462	1.9783872039195456e-08	Rank medians are different
5	SBS13	SBS13	5.997542997542998	64.74939172749392	280.48961228490293	5.87356077080774e-63	Rank medians are different
