	TSS	TTS	Mean_TSS	Mean_TTS	H-statistic	P-value	Decision
0	SBS1	SBS1	1.714987714987715	3.521951219512195	102.24613855053164	4.903445438725421e-24	Rank medians are different
1	SBS2	SBS2	6.486486486486487	12.53170731707317	44.77466534774125	2.2106456825964283e-11	Rank medians are different
2	SBS5	SBS5	4.830466830466831	12.809756097560976	165.3141297968957	7.810690039637898e-38	Rank medians are different
3	SBS10a	SBS10a	0.29238329238329236	0.526829268292683	0.44249038433049037	0.5059228956810123	Rank medians are similar
4	SBS10b	SBS10b	6.017199017199017	2.7463414634146344	78.17695076382235	9.42114348252911e-19	Rank medians are different
5	SBS13	SBS13	5.997542997542998	12.731707317073171	52.23067718215989	4.93491474470484e-13	Rank medians are different
