	TSS	TTS	Mean_TSS	Mean_TTS	H-statistic	P-value	Decision
0	SBS1	SBS1	0.6507072905331882	1.8872802481902793	209.02916353974572	2.2370571895262356e-47	Rank medians are different
1	SBS2	SBS2	0.9303590859630033	2.2109617373319543	27.055649673950242	1.9768162266254823e-07	Rank medians are different
2	SBS5	SBS5	1.7932535364526658	5.631851085832472	284.93060189666824	6.326527284429143e-64	Rank medians are different
3	SBS10b	SBS10b	1.2252448313384112	1.0682523267838677	14.321950605347102	0.00015405797225115326	Rank medians are different
4	SBS13	SBS13	0.9978237214363439	2.3185108583247156	15.262594036173502	9.355087967876493e-05	Rank medians are different
