	TSS	Remain	Mean_TSS	Mean_Remain	H-statistic	P-value	Decision
0	SBS1	SBS1	0.669710806697108	11.446700507614214	976.3268778809577	2.5119497562740084e-214	Rank medians are different
1	SBS2	SBS2	0.4809741248097412	15.964467005076141	175.15336330235013	5.542633458515052e-40	Rank medians are different
2	SBS5	SBS5	1.426179604261796	26.92994923857868	721.435768966329	6.523107816301319e-159	Rank medians are different
3	SBS13	SBS13	0.4535768645357686	16.016243654822336	105.95041848581363	7.560336633969614e-25	Rank medians are different
