	TTS-DRIP	TTS-Only	Mean_TTS-DRIP	Mean_TTS-Only	H-statistic	P-value	Decision
0	SBS1	SBS1	0.5546318289786223	2.5071283095723014	380.9477746531852	7.737781788003312e-85	Rank medians are different
1	SBS2	SBS2	0.7945368171021377	3.1232179226069245	32.86952744185126	9.855608471976163e-09	Rank medians are different
2	SBS5	SBS5	1.7387173396674585	6.473523421588594	233.95732856617596	8.172340781071883e-53	Rank medians are different
3	SBS10b	SBS10b	0.4643705463182898	1.3472505091649694	6.5316567688264175	0.010597120712390745	Rank medians are different
4	SBS13	SBS13	0.850356294536817	3.163951120162933	7.839526203457323	0.005111600237470786	Rank medians are different
