	TSS	Remain	Mean_TSS	Mean_Remain	H-statistic	P-value	Decision
0	SBS1	SBS1	0.9702127659574468	9.062944162436548	997.8570560851102	5.248862064736694e-219	Rank medians are different
1	SBS2	SBS2	1.174468085106383	12.534010152284264	134.17887814483316	4.992824676757275e-31	Rank medians are different
2	SBS3	SBS3	1.1563829787234043	12.718781725888325	43.9796720088118	3.3180400694200576e-11	Rank medians are different
3	SBS5	SBS5	2.0840425531914892	21.39492385786802	838.5861634211795	2.2028157561784402e-184	Rank medians are different
4	SBS6	SBS6	0.847872340425532	4.689340101522842	3.188141733505517	0.07417428462699689	Rank medians are similar
5	SBS10b	SBS10b	1.3393617021276596	5.316751269035533	0.8712585305135228	0.35060712970375807	Rank medians are similar
6	SBS13	SBS13	1.2053191489361703	12.534010152284264	78.80634719249122	6.850660798616455e-19	Rank medians are different
