	TSS	Remain	Mean_TSS	Mean_Remain	H-statistic	P-value	Decision
0	SBS1	SBS1	0.6507072905331882	10.151269035532994	1136.6799404235198	3.5223038660047575e-249	Rank medians are different
1	SBS2	SBS2	0.9303590859630033	13.498477157360407	142.1311876267353	9.103250684040286e-33	Rank medians are different
2	SBS3	SBS3	0.794341675734494	15.46497461928934	63.08226061344322	1.9825157215696925e-15	Rank medians are different
3	SBS5	SBS5	1.7932535364526658	22.672081218274112	863.6756100071578	7.735484965252626e-190	Rank medians are different
4	SBS6	SBS6	0.6398258977149075	5.559390862944163	17.90340771831928	2.324046033028656e-05	Rank medians are different
5	SBS10b	SBS10b	1.2252448313384112	5.781725888324873	0.5696096018437172	0.4504140919132016	Rank medians are similar
6	SBS13	SBS13	0.9978237214363439	13.543147208121827	77.31677122053115	1.4562420715366784e-18	Rank medians are different
