	TTS	Remain	Mean_TTS	Mean_Remain	H-statistic	P-value	Decision
0	SBS1	SBS1	1.8872802481902793	10.151269035532994	843.4032176796451	1.9757286260098535e-185	Rank medians are different
1	SBS2	SBS2	2.2109617373319543	13.498477157360407	62.51687986251159	2.641707161840719e-15	Rank medians are different
2	SBS5	SBS5	5.631851085832472	22.672081218274112	495.643544613351	8.430537780142106e-110	Rank medians are different
3	SBS10b	SBS10b	1.0682523267838677	5.781725888324873	7.939253467198713	0.004837378681195054	Rank medians are different
4	SBS13	SBS13	2.3185108583247156	13.543147208121827	30.973294871987726	2.616032644345064e-08	Rank medians are different
