	TTS	Remain	Mean_TTS	Mean_Remain	H-statistic	P-value	Decision
0	SBS1	SBS1	0.9371859296482412	22.155339805825243	593.9729733563805	3.4255967549849824e-131	Rank medians are different
1	SBS2	SBS2	2.4120603015075375	82.19417475728156	408.52570390612027	7.674396931699333e-91	Rank medians are different
2	SBS5	SBS5	2.620603015075377	66.65291262135922	508.26835585984804	1.5099831155187544e-112	Rank medians are different
3	SBS10a	SBS10a	0.24874371859296482	3.254854368932039	20.864351880107193	4.929844780592507e-06	Rank medians are different
4	SBS10b	SBS10b	0.8919597989949749	22.466019417475728	58.6731629985344	1.861635255301534e-14	Rank medians are different
5	SBS13	SBS13	2.628140703517588	82.51941747572816	363.4549703293672	4.980626121147566e-81	Rank medians are different
