	TSS	TTS	Mean_TSS	Mean_TTS	H-statistic	P-value	Decision
0	SBS1	SBS1	1.8712871287128714	2.6707317073170733	29.583615578893575	5.3555732060759566e-08	Rank medians are different
1	SBS2	SBS2	5.633663366336633	10.409756097560976	37.310703930353846	1.0073021631425484e-09	Rank medians are different
2	SBS5	SBS5	4.376237623762377	9.114634146341464	86.02752963694198	1.774480518693209e-20	Rank medians are different
3	SBS10a	SBS10a	0.25495049504950495	0.3804878048780488	0.07423177079570535	0.7852721258991606	Rank medians are similar
4	SBS10b	SBS10b	5.537128712871287	2.3804878048780487	72.44094843822255	1.7210552241454206e-17	Rank medians are different
5	SBS13	SBS13	4.99009900990099	10.27560975609756	45.26858416376586	1.7178270278224663e-11	Rank medians are different
