	A	B	Mean_A	Mean_B	H-statistic	P-value	Decision
0	SBS1	SBS2	0.669710806697108	0.4809741248097412	41.42257463906423	1.2263300286163665e-10	Rank medians are different
1	SBS1	SBS5	0.669710806697108	1.426179604261796	83.09453907433145	7.82214831657324e-20	Rank medians are different
2	SBS1	SBS13	0.669710806697108	0.4535768645357686	68.3604489676325	1.36181726351738e-16	Rank medians are different
3	SBS2	SBS5	0.4809741248097412	1.426179604261796	220.03786924755505	8.874080127264377e-50	Rank medians are different
4	SBS2	SBS13	0.4809741248097412	0.4535768645357686	3.73711928659296	0.05321611791439694	Rank medians are similar
5	SBS5	SBS13	1.426179604261796	0.4535768645357686	268.5365233349842	2.365215771602866e-60	Rank medians are different
