	TSS	TTS	Mean_TSS	Mean_TTS	H-statistic	P-value	Decision
0	SBS1	SBS1	0.9702127659574468	1.8232271325796505	92.24977961368336	7.639865326487584e-22	Rank medians are different
1	SBS2	SBS2	1.174468085106383	2.5745118191161356	13.672057320703923	0.00021766933209251433	Rank medians are different
2	SBS3	SBS3	1.1563829787234043	2.2908530318602263	3.9417182056613873	0.04710264447600325	Rank medians are different
3	SBS5	SBS5	2.0840425531914892	5.091469681397739	156.5839067930916	6.310627584059082e-36	Rank medians are different
4	SBS6	SBS6	0.847872340425532	1.3484069886947585	0.0002830478759924523	0.9865770020359925	Rank medians are similar
5	SBS10b	SBS10b	1.3393617021276596	1.157245632065776	6.581389256244906	0.010305043313147022	Rank medians are different
6	SBS13	SBS13	1.2053191489361703	2.7584789311408016	13.827563196209251	0.00020037506373773311	Rank medians are different
