	TSS	TTS	Mean_TSS	Mean_TTS	H-statistic	P-value	Decision
0	SBS1	SBS1	0.669710806697108	0.539119804400978	6.512116544100707	0.010714190729554323	Rank medians are different
1	SBS2	SBS2	0.4809741248097412	0.6161369193154034	0.31796053383025163	0.5728358748648779	Rank medians are similar
2	SBS5	SBS5	1.426179604261796	1.5036674816625917	2.902621204638292	0.08843563880911365	Rank medians are similar
3	SBS13	SBS13	0.4535768645357686	0.6454767726161369	1.8463876953642888	0.17420411193451585	Rank medians are similar
