	Convergent	Divergent	Mean_Convergent	Mean_Divergent	H-statistic	P-value	Decision
0	SBS1	SBS1	0.8607594936708861	0.5601092896174863	11.890273591085345	0.000564278323993266	Rank medians are different
1	SBS2	SBS2	3.610126582278481	1.784153005464481	32.2811626346698	1.3340034996749091e-08	Rank medians are different
2	SBS5	SBS5	2.69873417721519	1.546448087431694	24.464220991532823	7.57026652262177e-07	Rank medians are different
3	SBS10b	SBS10b	1.478481012658228	1.8797814207650274	8.66821118568816	0.0032380889068404756	Rank medians are different
4	SBS13	SBS13	3.526582278481013	1.5683060109289617	39.20154265763776	3.8223810319441677e-10	Rank medians are different
