	Convergent	Divergent	Mean_Convergent	Mean_Divergent	H-statistic	P-value	Decision
0	SBS1	SBS1	0.5683709869203329	0.3960720130932897	3.823876534112571	0.050527210487158934	Rank medians are similar
1	SBS2	SBS2	0.6896551724137931	0.4779050736497545	0.12520903717346077	0.7234521316077362	Rank medians are similar
2	SBS5	SBS5	1.7288941736028538	1.2242225859247136	1.8776987553561018	0.17059592986041336	Rank medians are similar
3	SBS10b	SBS10b	0.4708680142687277	0.49427168576104746	0.24409700617376207	0.6212625749766388	Rank medians are similar
4	SBS13	SBS13	0.8608799048751486	0.4779050736497545	4.004863614234166	0.04536916761506906	Rank medians are different
