	TTS	Remain	Mean_TTS	Mean_Remain	H-statistic	P-value	Decision
0	SBS1	SBS1	3.521951219512195	17.10948905109489	473.21332786702794	6.405161612920399e-105	Rank medians are different
1	SBS2	SBS2	12.53170731707317	63.666666666666664	200.24642982816587	1.845251449739999e-45	Rank medians are different
2	SBS5	SBS5	12.809756097560976	53.51094890510949	306.99011426639584	9.883669349060279e-69	Rank medians are different
3	SBS10a	SBS10a	0.526829268292683	2.6934306569343067	0.5872864455437018	0.44347035590704675	Rank medians are similar
4	SBS10b	SBS10b	2.7463414634146344	11.245742092457421	5.200847791489389	0.022575874748023618	Rank medians are different
5	SBS13	SBS13	12.731707317073171	64.74939172749392	171.2880762635368	3.871184291927664e-39	Rank medians are different
