	TSS	Remain	Mean_TSS	Mean_Remain	H-statistic	P-value	Decision
0	SBS1	SBS1	0.7634408602150538	22.155339805825243	579.9699340504985	3.8073314457628544e-128	Rank medians are different
1	SBS2	SBS2	1.1801075268817205	82.19417475728156	438.1378005343842	2.752545598169299e-97	Rank medians are different
2	SBS5	SBS5	1.5510752688172043	66.65291262135922	508.24140568373036	1.530508397555319e-112	Rank medians are different
3	SBS10b	SBS10b	0.8521505376344086	22.466019417475728	44.349959666972964	2.7461766446589255e-11	Rank medians are different
4	SBS13	SBS13	1.2661290322580645	82.51941747572816	392.7037722994549	2.134361132665598e-87	Rank medians are different
